person_id,screen_name,name,tweet,intent,created_at,status_url
862235773545848832,goviral_v2,goviral,#Bahubali2 will be awesome,1,2017-06-15 15:51:42,https://twitter.com/goviral_v2/status/875380302129938433
2344007365,ootbdevk,DK, All news of Dangal's Chinese collection has vanished from media moment Bahubali2 slowed down! @DivyaSoti,1,2017-06-15 15:47:00,https://twitter.com/ootbdevk/status/875379121441751041
26104657,ReggieSinha,Reggie, All news of Dangal's Chinese collection has vanished from media moment Bahubali2 slowed down! @DivyaSoti,1,2017-06-15 15:40:05,https://twitter.com/ReggieSinha/status/875377377743974401
70933004,RetardedHurt,Dewang Ganatra, All news of Dangal's Chinese collection has vanished from media moment Bahubali2 slowed down! @DivyaSoti,1,2017-06-15 15:38:19,https://twitter.com/RetardedHurt/status/875376932938010625
15699750,samir_patil,gab.ai/samir_patil, All news of Dangal's Chinese collection has vanished from media moment Bahubali2 slowed down! @DivyaSoti,1,2017-06-15 15:33:00,https://twitter.com/samir_patil/status/875375594367729665
4637743512,its_King_1,Harry," 7 Successful Films in 2017 

Jan - #Raees 

Feb - #JollyLLB2 &amp; #TheGhaziAttack

March - #BadrinathKiDulhania

April - #B…",0,2017-06-15 15:30:17,https://twitter.com/its_King_1/status/875374910742319106
782128591,pratyus02241475,Pratyush, All news of Dangal's Chinese collection has vanished from media moment Bahubali2 slowed down! @DivyaSoti,1,2017-06-15 15:21:29,https://twitter.com/pratyus02241475/status/875372697739345920
1374222889,Ateendriyo,Aakash Raj Razdhan, All news of Dangal's Chinese collection has vanished from media moment Bahubali2 slowed down! @DivyaSoti,1,2017-06-15 15:21:05,https://twitter.com/Ateendriyo/status/875372595872276481
87629490,DivyaSoti,Divya Kumar Soti, All news of Dangal's Chinese collection has vanished from media moment Bahubali2 slowed down! @DivyaSoti,1,2017-06-15 15:19:53,https://twitter.com/DivyaSoti/status/875372293886816256
196490371,vagabondoc,निश्चेतना,All news of Dangal's Chinese collection has vanished from media moment Bahubali2 slowed down! @DivyaSoti,1,2017-06-15 15:17:26,https://twitter.com/vagabondoc/status/875371680377524224
58073153,ramana_brf,Ramana,Then they will become Left. Do you know the most critical scene in #Bahubali2 ? The one where Mahendra declares goa… https://t.co/blxEDAFqF1,1,2017-06-15 15:16:48,https://twitter.com/ramana_brf/status/875371519248973824
4874234783,iamfannkt,Nishkarsh tiwari," 7 Successful Films in 2017 

Jan - #Raees 

Feb - #JollyLLB2 &amp; #TheGhaziAttack

March - #BadrinathKiDulhania

April - #B…",0,2017-06-15 15:14:09,https://twitter.com/iamfannkt/status/875370850849103872
2909038700,sheeraz_ally,Sheeraz Ally �," 7 Successful Films in 2017 

Jan - #Raees 

Feb - #JollyLLB2 &amp; #TheGhaziAttack

March - #BadrinathKiDulhania

April - #B…",0,2017-06-15 15:13:50,https://twitter.com/sheeraz_ally/status/875370770750468096
816548159941816320,munvar17,raj malhotra," 7 Successful Films in 2017 

Jan - #Raees 

Feb - #JollyLLB2 &amp; #TheGhaziAttack

March - #BadrinathKiDulhania

April - #B…",0,2017-06-15 14:59:37,https://twitter.com/munvar17/status/875367196079161344
2713504969,niru_9927,dr Nirupama misra,"#Bahubali2 completing 50days . with 2000cr in kitty ;still going strong..has shown what it takes to be  #dreamcometrue 
 Congo. #Bollywood",1,2017-06-15 14:59:30,https://twitter.com/niru_9927/status/875367166752702464
4590909027,canadawaale,CHAKKI CHUTIYA," 7 Successful Films in 2017 

Jan - #Raees 

Feb - #JollyLLB2 &amp; #TheGhaziAttack

March - #BadrinathKiDulhania

April - #B…",0,2017-06-15 14:57:44,https://twitter.com/canadawaale/status/875366721451905024
875365334559072256,BrittanyGroos,Buy Folloŵeřs :me," @RanaDaggubati https://t.co/JdQ6u3ZFqn

Pls watch this Sir... #Bahubali2 youngest and biggest fan...��",1,2017-06-15 14:57:41,https://twitter.com/BrittanyGroos/status/875366709661650944
874479673983594496,PrabhasFans7,Prabhas Fans,Celebrate 50 days of india's biggest blockbuster ever #Bahubali2 https://t.co/cJB0086SmL,1,2017-06-15 14:55:41,https://twitter.com/PrabhasFans7/status/875366206496272384
97973416,sadia_myvoice,sadiaA,He came he saw he conquered #Prabhas #Bahubali2 #saaho golden jubilee ❤️�❤️�,0,2017-06-15 14:53:15,https://twitter.com/sadia_myvoice/status/875365592383049728
820269523072905216,trustyboy1,REBELRAMS," Ur vote for ? #Spyder #Rangasthalam1985 #JaiLavaKusa #RRVC #akhil2  #Bahubali2 
Rt for Nag,fav for chiru,reply for Ntr,reply…",0,2017-06-15 14:47:46,https://twitter.com/trustyboy1/status/875364213711003649
723436963,shyamananth2,shyam ananth," Ur vote for ? #Spyder #Rangasthalam1985 #JaiLavaKusa #RRVC #akhil2  #Bahubali2 
Rt for Nag,fav for chiru,reply for Ntr,reply…",0,2017-06-15 14:47:31,https://twitter.com/shyamananth2/status/875364149772959745
714615082903142400,_Pragnik,Baahubali Pragnik, #Bahubali2  has completed over 50 days in over 100 screens at kearla thats really phenomenal ! https://t.co/O7M1EzsZCm,1,2017-06-15 14:38:40,https://twitter.com/_Pragnik/status/875361924833083392
3652816576,ARIFSARKER20,ARIF SARKER," 7 Successful Films in 2017 

Jan - #Raees 

Feb - #JollyLLB2 &amp; #TheGhaziAttack

March - #BadrinathKiDulhania

April - #B…",0,2017-06-15 14:36:47,https://twitter.com/ARIFSARKER20/status/875361450772103170
331731381,Sunspell_TJ,Rebel TJ ૐ�, wat eyes !!! not eyes...swords!!!���#wkkb #Bahubali2 all time favourite movie... for the 11th tym...#prabhas #darling #s…,1,2017-06-15 14:15:01,https://twitter.com/Sunspell_TJ/status/875355971865935872
3229545542,salonisingh222,जियो रे बाहुबली, wat eyes !!! not eyes...swords!!!���#wkkb #Bahubali2 all time favourite movie... for the 11th tym...#prabhas #darling #s…,1,2017-06-15 14:06:15,https://twitter.com/salonisingh222/status/875353766391721984
4725225317,AnSRKian,SRK," 7 Successful Films in 2017 

Jan - #Raees 

Feb - #JollyLLB2 &amp; #TheGhaziAttack

March - #BadrinathKiDulhania

April - #B…",0,2017-06-15 14:06:01,https://twitter.com/AnSRKian/status/875353705662382080
712973592372383748,JaamSaddam,Saddam jaan," 7 Successful Films in 2017 

Jan - #Raees 

Feb - #JollyLLB2 &amp; #TheGhaziAttack

March - #BadrinathKiDulhania

April - #B…",0,2017-06-15 14:05:11,https://twitter.com/JaamSaddam/status/875353497243398146
143719932,Phanny__18,PRABHAS, wat eyes !!! not eyes...swords!!!���#wkkb #Bahubali2 all time favourite movie... for the 11th tym...#prabhas #darling #s…,1,2017-06-15 14:05:01,https://twitter.com/Phanny__18/status/875353454499078144
726000147822321664,Kausalaya1724,SK BLOOD(KAUSALAYA), wat eyes !!! not eyes...swords!!!���#wkkb #Bahubali2 all time favourite movie... for the 11th tym...#prabhas #darling #s…,1,2017-06-15 14:04:30,https://twitter.com/Kausalaya1724/status/875353324567937024
3083198757,JyothsnaPrabhas,Jүoтнѕиα, wat eyes !!! not eyes...swords!!!���#wkkb #Bahubali2 all time favourite movie... for the 11th tym...#prabhas #darling #s…,1,2017-06-15 14:03:01,https://twitter.com/JyothsnaPrabhas/status/875352953036525569
999317138,prabhasrulz,praneeth, wat eyes !!! not eyes...swords!!!���#wkkb #Bahubali2 all time favourite movie... for the 11th tym...#prabhas #darling #s…,1,2017-06-15 13:58:16,https://twitter.com/prabhasrulz/status/875351754363330562
4858781658,VaishuRaja123,Suriya Sivakumar,wat eyes !!! not eyes...swords!!!���#wkkb #Bahubali2 all time favourite movie... for the 11th tym...#prabhas… https://t.co/aYu6Kop1hS,1,2017-06-15 13:55:33,https://twitter.com/VaishuRaja123/status/875351072243568641
784247499678621696,sreenushetty,Sreenu Setty," Ur vote for ? #Spyder #Rangasthalam1985 #JaiLavaKusa #RRVC #akhil2  #Bahubali2 
Rt for Nag,fav for chiru,reply for Ntr,reply…",0,2017-06-15 13:44:42,https://twitter.com/sreenushetty/status/875348342888423425
181183069,gsdbuddy,JagguBhai," 7 Successful Films in 2017 

Jan - #Raees 

Feb - #JollyLLB2 &amp; #TheGhaziAttack

March - #BadrinathKiDulhania

April - #B…",0,2017-06-15 13:43:18,https://twitter.com/gsdbuddy/status/875347987349684225
2208821293,eatdoubleroti,Double Roti,"#Throwback to when @RanaDaggubati couldn't get enough of the #AwesomenessBetweenBreads
#Bahubali #bahubali2 #tbt… https://t.co/zOdYiEboVg",1,2017-06-15 13:41:22,https://twitter.com/eatdoubleroti/status/875347502739841025
1055456340,pradeepkohli5,pradeep kohli," 7 Successful Films in 2017 

Jan - #Raees 

Feb - #JollyLLB2 &amp; #TheGhaziAttack

March - #BadrinathKiDulhania

April - #B…",0,2017-06-15 13:36:28,https://twitter.com/pradeepkohli5/status/875346270109532160
764030430760669184,ayan25381396,RAEES HAAJIR HAI," 7 Successful Films in 2017 

Jan - #Raees 

Feb - #JollyLLB2 &amp; #TheGhaziAttack

March - #BadrinathKiDulhania

April - #B…",0,2017-06-15 13:25:16,https://twitter.com/ayan25381396/status/875343450027282432
4860709626,SRKsMoshiur1,Moshiur Rahman(SRK)," 7 Successful Films in 2017 

Jan - #Raees 

Feb - #JollyLLB2 &amp; #TheGhaziAttack

March - #BadrinathKiDulhania

April - #B…",0,2017-06-15 13:19:09,https://twitter.com/SRKsMoshiur1/status/875341910897942529
278460175,chetanvyas94,Chetan vyas," 7 Successful Films in 2017 

Jan - #Raees 

Feb - #JollyLLB2 &amp; #TheGhaziAttack

March - #BadrinathKiDulhania

April - #B…",0,2017-06-15 13:18:49,https://twitter.com/chetanvyas94/status/875341829352308736
1870949864,iamSunil_G,Suŋıℓ," 7 Successful Films in 2017 

Jan - #Raees 

Feb - #JollyLLB2 &amp; #TheGhaziAttack

March - #BadrinathKiDulhania

April - #B…",0,2017-06-15 13:18:34,https://twitter.com/iamSunil_G/status/875341766781800448
4686621720,EmiratesBabu,SPL STATUS,#INDvBAN 265 to win ..who is winner #Tubelight #Bahubali2 #Spyder #DuvvadaJagannadham,0,2017-06-15 12:53:14,https://twitter.com/EmiratesBabu/status/875335390428708865
143718962,rajkumarmahanti,Raj," Ur vote for ? #Spyder #Rangasthalam1985 #JaiLavaKusa #RRVC #akhil2  #Bahubali2 
Rt for Nag,fav for chiru,reply for Ntr,reply…",0,2017-06-15 12:41:07,https://twitter.com/rajkumarmahanti/status/875332341224407040
753505142071320576,rafiqcherry27,Rafiqcherry27," Ur vote for ? #Spyder #Rangasthalam1985 #JaiLavaKusa #RRVC #akhil2  #Bahubali2 
Rt for Nag,fav for chiru,reply for Ntr,reply…",0,2017-06-15 12:27:23,https://twitter.com/rafiqcherry27/status/875328884937433088
863693183817011200,SurajSRKsFanNo1,Jab Harry Met Sejal," 7 Successful Films in 2017 

Jan - #Raees 

Feb - #JollyLLB2 &amp; #TheGhaziAttack

March - #BadrinathKiDulhania

April - #B…",0,2017-06-15 12:23:57,https://twitter.com/SurajSRKsFanNo1/status/875328021863043072
826133923696693250,Suryaprabhas6,Suryaprabhas, New 50days posters of #Bahubali2 https://t.co/cAl3OHHf5n,0,2017-06-15 12:10:29,https://twitter.com/Suryaprabhas6/status/875324631074222080
830013305884442624,vivek_srkian,VIVEK � SRKian," 7 Successful Films in 2017 

Jan - #Raees 

Feb - #JollyLLB2 &amp; #TheGhaziAttack

March - #BadrinathKiDulhania

April - #B…",0,2017-06-15 11:57:38,https://twitter.com/vivek_srkian/status/875321396553011200
343474323,KrishKrushik,krushik av, Sadhvi jayshreegiri also watch #Bahubali2 at Himalya mall with her sevak and japta party police. Crime branch start probe.…,1,2017-06-15 11:47:05,https://twitter.com/KrishKrushik/status/875318741394833409
790544199741345792,Iam__Irfan1,I R F A N," Ur vote for ? #Spyder #Rangasthalam1985 #JaiLavaKusa #RRVC #akhil2  #Bahubali2 
Rt for Nag,fav for chiru,reply for Ntr,reply…",0,2017-06-15 11:46:51,https://twitter.com/Iam__Irfan1/status/875318685002366976
3181284726,iamsrk_brk,SHAH RUKH KHAN.," 7 Successful Films in 2017 

Jan - #Raees 

Feb - #JollyLLB2 &amp; #TheGhaziAttack

March - #BadrinathKiDulhania

April - #B…",0,2017-06-15 11:46:06,https://twitter.com/iamsrk_brk/status/875318493884952576
1005684956,NeetuSRK,❤️SRK's Lover❤️," 7 Successful Films in 2017 

Jan - #Raees 

Feb - #JollyLLB2 &amp; #TheGhaziAttack

March - #BadrinathKiDulhania

April - #B…",0,2017-06-15 11:46:03,https://twitter.com/NeetuSRK/status/875318482304471040
833282215,MISS_TAKENN,♡PriSoner Of LoVe♡," 7 Successful Films in 2017 

Jan - #Raees 

Feb - #JollyLLB2 &amp; #TheGhaziAttack

March - #BadrinathKiDulhania

April - #B…",0,2017-06-15 11:45:50,https://twitter.com/MISS_TAKENN/status/875318427795177473
788324631417532417,movienews360,MovieNews360,Rumours Of #Bahubali2 Star #Prabhas Debuting In Bollywood Has Gone Over The Roof! #Movienews360… https://t.co/LvXdwmoVTs,0,2017-06-15 11:43:38,https://twitter.com/movienews360/status/875317874037936128
2476705543,Razique_srk,Razique Harry," 7 Successful Films in 2017 

Jan - #Raees 

Feb - #JollyLLB2 &amp; #TheGhaziAttack

March - #BadrinathKiDulhania

April - #B…",0,2017-06-15 11:35:26,https://twitter.com/Razique_srk/status/875315809912066048
806477110667657217,musfiq_musdhk,musfiq," 7 Successful Films in 2017 

Jan - #Raees 

Feb - #JollyLLB2 &amp; #TheGhaziAttack

March - #BadrinathKiDulhania

April - #B…",0,2017-06-15 11:24:49,https://twitter.com/musfiq_musdhk/status/875313137871761409
628067748,imaakashagarwal,Aakash Agarwal," 7 Successful Films in 2017 

Jan - #Raees 

Feb - #JollyLLB2 &amp; #TheGhaziAttack

March - #BadrinathKiDulhania

April - #B…",0,2017-06-15 11:23:47,https://twitter.com/imaakashagarwal/status/875312879817326592
4686621720,EmiratesBabu,SPL STATUS,@Fukkard BANGLA PLAYERS WATCHED #Baahubali2  LAST NIGHT .THAT POWER #Bahubali2�350 SURE,0,2017-06-15 11:17:17,https://twitter.com/EmiratesBabu/status/875311245125074948
2873494274,varunSrkian,iamvarun," 7 Successful Films in 2017 

Jan - #Raees 

Feb - #JollyLLB2 &amp; #TheGhaziAttack

March - #BadrinathKiDulhania

April - #B…",0,2017-06-15 11:14:02,https://twitter.com/varunSrkian/status/875310425050501120
722449467647983616,ChantiCognizant,CHANTI COGNIZANT," Ur vote for ? #Spyder #Rangasthalam1985 #JaiLavaKusa #RRVC #akhil2  #Bahubali2 
Rt for Nag,fav for chiru,reply for Ntr,reply…",0,2017-06-15 11:03:04,https://twitter.com/ChantiCognizant/status/875307666255499264
875303774377701376,Bhaysa1,Bhaysa,@kamaalrkhan Your good reviews for #HalfGirlfriend  &amp; bad reviews for #Bahubali2 showed who is chutya critic in the… https://t.co/fQ5hvkVAow,0,2017-06-15 10:59:36,https://twitter.com/Bhaysa1/status/875306790916947970
4652483119,Ayyappakumar10,Ayyappa Kumar,#Bahubali2  has completed over 50 days in over 100 screens at kearla thats really phenomenal ! https://t.co/O7M1EzsZCm,1,2017-06-15 10:54:33,https://twitter.com/Ayyappakumar10/status/875305520764145664
1718082852,iamBicko,BICKO," 7 Successful Films in 2017 

Jan - #Raees 

Feb - #JollyLLB2 &amp; #TheGhaziAttack

March - #BadrinathKiDulhania

April - #B…",0,2017-06-15 10:48:45,https://twitter.com/iamBicko/status/875304063017115648
4656906252,SRKParth,SHAH RUKH KHAN," 7 Successful Films in 2017 

Jan - #Raees 

Feb - #JollyLLB2 &amp; #TheGhaziAttack

March - #BadrinathKiDulhania

April - #B…",0,2017-06-15 10:21:54,https://twitter.com/SRKParth/status/875297304831459328
1349003635,Shu29jais,Shubham Jaiswal," 7 Successful Films in 2017 

Jan - #Raees 

Feb - #JollyLLB2 &amp; #TheGhaziAttack

March - #BadrinathKiDulhania

April - #B…",0,2017-06-15 10:05:57,https://twitter.com/Shu29jais/status/875293291427766272
1619647760,sanketSRKian,Sanket_SRKian��," 7 Successful Films in 2017 

Jan - #Raees 

Feb - #JollyLLB2 &amp; #TheGhaziAttack

March - #BadrinathKiDulhania

April - #B…",0,2017-06-15 10:04:51,https://twitter.com/sanketSRKian/status/875293014855495680
861074822197125121,Priyans88,Jab Piyu Met Shah ❤," 7 Successful Films in 2017 

Jan - #Raees 

Feb - #JollyLLB2 &amp; #TheGhaziAttack

March - #BadrinathKiDulhania

April - #B…",0,2017-06-15 10:01:01,https://twitter.com/Priyans88/status/875292051171966976
707746663188791297,MsvSaksham,Saksham verma," 7 Successful Films in 2017 

Jan - #Raees 

Feb - #JollyLLB2 &amp; #TheGhaziAttack

March - #BadrinathKiDulhania

April - #B…",0,2017-06-15 09:56:42,https://twitter.com/MsvSaksham/status/875290963777912833
2547128451,indianmoviebiz,Indian movie biz,"#Baahubali2 final collection
https://t.co/SwggORxQoZ
Blockbuster All time",1,2017-06-15 09:55:40,https://twitter.com/indianmoviebiz/status/875290703865069569
212919261,srathee123,Sachin.," 7 Successful Films in 2017 

Jan - #Raees 

Feb - #JollyLLB2 &amp; #TheGhaziAttack

March - #BadrinathKiDulhania

April - #B…",0,2017-06-15 09:50:39,https://twitter.com/srathee123/status/875289440381489153
2945189148,raazkrishna06,Baba Bihari," 7 Successful Films in 2017 

Jan - #Raees 

Feb - #JollyLLB2 &amp; #TheGhaziAttack

March - #BadrinathKiDulhania

April - #B…",0,2017-06-15 09:46:23,https://twitter.com/raazkrishna06/status/875288367843467265
2765560517,souravraj295,Harry❤Sejal," 7 Successful Films in 2017 

Jan - #Raees 

Feb - #JollyLLB2 &amp; #TheGhaziAttack

March - #BadrinathKiDulhania

April - #B…",0,2017-06-15 09:23:13,https://twitter.com/souravraj295/status/875282538343931904
849697537892143104,jitu_ss,Jitendra," 7 Successful Films in 2017 

Jan - #Raees 

Feb - #JollyLLB2 &amp; #TheGhaziAttack

March - #BadrinathKiDulhania

April - #B…",0,2017-06-15 09:18:11,https://twitter.com/jitu_ss/status/875281269373911040
2893469202,ItsSajidK1,Sajid," 7 Successful Films in 2017 

Jan - #Raees 

Feb - #JollyLLB2 &amp; #TheGhaziAttack

March - #BadrinathKiDulhania

April - #B…",0,2017-06-15 09:17:00,https://twitter.com/ItsSajidK1/status/875280971796549632
2884537519,Ravisrkian,Ravi.," 7 Successful Films in 2017 

Jan - #Raees 

Feb - #JollyLLB2 &amp; #TheGhaziAttack

March - #BadrinathKiDulhania

April - #B…",0,2017-06-15 09:16:30,https://twitter.com/Ravisrkian/status/875280847754022912
758963590774730752,imsukeshreddy,SukeshReddi," Ur vote for ? #Spyder #Rangasthalam1985 #JaiLavaKusa #RRVC #akhil2  #Bahubali2 
Rt for Nag,fav for chiru,reply for Ntr,reply…",0,2017-06-15 09:14:02,https://twitter.com/imsukeshreddy/status/875280226808340482
4694181408,HathiMustafa,Mustafa king," 7 Successful Films in 2017 

Jan - #Raees 

Feb - #JollyLLB2 &amp; #TheGhaziAttack

March - #BadrinathKiDulhania

April - #B…",0,2017-06-15 09:09:00,https://twitter.com/HathiMustafa/status/875278958681481216
3258527502,shanmukh_k_95,Shanmukh@NFAN," West Godavari district lo 

DHARMAJIGUDEM LO SHOWS YE VEYYALA AFTER 10 DAYS 

Banner undhi 50 days count chesaru::P

#Bahuba…",0,2017-06-15 09:04:32,https://twitter.com/shanmukh_k_95/status/875277834549198849
804068197800480768,RSubraveti,Ravikiran ane nenu�," Ur vote for ? #Spyder #Rangasthalam1985 #JaiLavaKusa #RRVC #akhil2  #Bahubali2 
Rt for Nag,fav for chiru,reply for Ntr,reply…",0,2017-06-15 09:01:29,https://twitter.com/RSubraveti/status/875277068891811840
1093459278,SRKIraqFC_CFC,♡ SRKIraqFC_CFC ♡," 7 Successful Films in 2017 

Jan - #Raees 

Feb - #JollyLLB2 &amp; #TheGhaziAttack

March - #BadrinathKiDulhania

April - #B…",0,2017-06-15 09:00:13,https://twitter.com/SRKIraqFC_CFC/status/875276749080334336
399929056,Unis100,unis," Ur vote for ? #Spyder #Rangasthalam1985 #JaiLavaKusa #RRVC #akhil2  #Bahubali2 
Rt for Nag,fav for chiru,reply for Ntr,reply…",0,2017-06-15 08:59:43,https://twitter.com/Unis100/status/875276621216792576
815894627077136384,anusneha9999,Anuradha, @RanaDaggubati @ssrajamouli @tamannaahspeaks @i_AnushkaShetty @Me_Prabhas @PrabhaBaahubali @nicepk4u @Prabhas_Team @imrebels…,0,2017-06-15 08:57:23,https://twitter.com/anusneha9999/status/875276035209797632
3222968786,Prabhas_Speaks,� s AA h o �," Art of @PrabhasRaju 

Share if u like
#Prabhas  #Bahubali2 #Art https://t.co/jVvr6iP7k4",0,2017-06-15 08:55:40,https://twitter.com/Prabhas_Speaks/status/875275603133345792
4512160108,hamoodsrk,Mohamed Srk," 7 Successful Films in 2017 

Jan - #Raees 

Feb - #JollyLLB2 &amp; #TheGhaziAttack

March - #BadrinathKiDulhania

April - #B…",0,2017-06-15 08:47:57,https://twitter.com/hamoodsrk/status/875273663213338624
4722981692,MushahidPantoj1,Jab hArrY mEt sEJal," 7 Successful Films in 2017 

Jan - #Raees 

Feb - #JollyLLB2 &amp; #TheGhaziAttack

March - #BadrinathKiDulhania

April - #B…",0,2017-06-15 08:45:06,https://twitter.com/MushahidPantoj1/status/875272946511523841
742053107702587392,SRKsGladiator_,SRKsGladiator," 7 Successful Films in 2017 

Jan - #Raees 

Feb - #JollyLLB2 &amp; #TheGhaziAttack

March - #BadrinathKiDulhania

April - #B…",0,2017-06-15 08:44:00,https://twitter.com/SRKsGladiator_/status/875272666076336129
3209342564,VaibhavVakhari1,�Akkian Vaibhav�," 7 Successful Films in 2017 

Jan - #Raees 

Feb - #JollyLLB2 &amp; #TheGhaziAttack

March - #BadrinathKiDulhania

April - #B…",0,2017-06-15 08:43:32,https://twitter.com/VaibhavVakhari1/status/875272551903232000
871618500082651137,Naatrk,Prabhu," Ur vote for ? #Spyder #Rangasthalam1985 #JaiLavaKusa #RRVC #akhil2  #Bahubali2 
Rt for Nag,fav for chiru,reply for Ntr,reply…",0,2017-06-15 08:41:27,https://twitter.com/Naatrk/status/875272027820539904
284019317,abdulsuleman,Ramcharan's Warriaor," Ur vote for ? #Spyder #Rangasthalam1985 #JaiLavaKusa #RRVC #akhil2  #Bahubali2 
Rt for Nag,fav for chiru,reply for Ntr,reply…",0,2017-06-15 08:38:57,https://twitter.com/abdulsuleman/status/875271396246433792
3182075646,_SRK4EVER_,SRK HATERS R DEVILS," 7 Successful Films in 2017 

Jan - #Raees 

Feb - #JollyLLB2 &amp; #TheGhaziAttack

March - #BadrinathKiDulhania

April - #B…",0,2017-06-15 08:38:05,https://twitter.com/_SRK4EVER_/status/875271179853901825
811474057942048768,Sathibabu3537,Sathibabu," Ur vote for ? #Spyder #Rangasthalam1985 #JaiLavaKusa #RRVC #akhil2  #Bahubali2 
Rt for Nag,fav for chiru,reply for Ntr,reply…",0,2017-06-15 08:35:40,https://twitter.com/Sathibabu3537/status/875270569490436096
2769252825,NeroSRKgirl,♡Nero_SRK's_Girl♡," 7 Successful Films in 2017 

Jan - #Raees 

Feb - #JollyLLB2 &amp; #TheGhaziAttack

March - #BadrinathKiDulhania

April - #B…",0,2017-06-15 08:32:31,https://twitter.com/NeroSRKgirl/status/875269777148784640
139315247,Ndl_ntrfans,Nag," Ur choice for tv show..?
#spyder #Rangasthalam1985 #Bahubali2 #pk25 #JaiLavaKusa #RaRandoiVedukaChuddam #nenerajunenemantri #…",1,2017-06-15 08:31:23,https://twitter.com/Ndl_ntrfans/status/875269493630484482
3400965433,Ayan_SRKian,Ayan Khan," 7 Successful Films in 2017 

Jan - #Raees 

Feb - #JollyLLB2 &amp; #TheGhaziAttack

March - #BadrinathKiDulhania

April - #B…",0,2017-06-15 08:31:07,https://twitter.com/Ayan_SRKian/status/875269425506779137
827874392734572545,SSrksrk,SRK KING OF UNIVERSE," 7 Successful Films in 2017 

Jan - #Raees 

Feb - #JollyLLB2 &amp; #TheGhaziAttack

March - #BadrinathKiDulhania

April - #B…",0,2017-06-15 08:28:51,https://twitter.com/SSrksrk/status/875268855077253121
775719721979277313,ItsSara_x,SARA," 7 Successful Films in 2017 

Jan - #Raees 

Feb - #JollyLLB2 &amp; #TheGhaziAttack

March - #BadrinathKiDulhania

April - #B…",0,2017-06-15 08:24:03,https://twitter.com/ItsSara_x/status/875267648249929728
846424053086867457,srk_attacker,®," 7 Successful Films in 2017 

Jan - #Raees 

Feb - #JollyLLB2 &amp; #TheGhaziAttack

March - #BadrinathKiDulhania

April - #B…",0,2017-06-15 08:21:22,https://twitter.com/srk_attacker/status/875266973306937345
95872056,Bellokingkhan,Sultan Of Romance�," 7 Successful Films in 2017 

Jan - #Raees 

Feb - #JollyLLB2 &amp; #TheGhaziAttack

March - #BadrinathKiDulhania

April - #B…",0,2017-06-15 08:19:27,https://twitter.com/Bellokingkhan/status/875266489959493632
3102818766,Prashanth4Rebel,Prabhas Forever," 7 Successful Films in 2017 

Jan - #Raees 

Feb - #JollyLLB2 &amp; #TheGhaziAttack

March - #BadrinathKiDulhania

April - #B…",0,2017-06-15 08:15:56,https://twitter.com/Prashanth4Rebel/status/875265603602231297
735142125331877888,Rajbhavishya141,Srkian RAJ," 7 Successful Films in 2017 

Jan - #Raees 

Feb - #JollyLLB2 &amp; #TheGhaziAttack

March - #BadrinathKiDulhania

April - #B…",0,2017-06-15 08:13:49,https://twitter.com/Rajbhavishya141/status/875265071273857025
827874392734572545,SSrksrk,SRK KING OF UNIVERSE," Top Overseas Grossers 2017 - 
(Hindi Version Only)

#Raees - $14.10 mil [95.88 Crore]

#Bahubali2 - $12.20 mil [78.59 Cr…",0,2017-06-15 08:11:06,https://twitter.com/SSrksrk/status/875264387724062721
75974159,vonteddu,VENKAT," Ur choice for tv show..?
#spyder #Rangasthalam1985 #Bahubali2 #pk25 #JaiLavaKusa #RaRandoiVedukaChuddam #nenerajunenemantri #…",1,2017-06-15 08:09:28,https://twitter.com/vonteddu/status/875263976862384128
793159843079196672,i_Prathit,Prathit Mahapatra," 7 Successful Films in 2017 

Jan - #Raees 

Feb - #JollyLLB2 &amp; #TheGhaziAttack

March - #BadrinathKiDulhania

April - #B…",0,2017-06-15 08:08:05,https://twitter.com/i_Prathit/status/875263628039127040
949867070,puresrkian,Srk's Selfie (Jay)," 7 Successful Films in 2017 

Jan - #Raees 

Feb - #JollyLLB2 &amp; #TheGhaziAttack

March - #BadrinathKiDulhania

April - #B…",0,2017-06-15 08:06:26,https://twitter.com/puresrkian/status/875263212685594625
4798317673,MasudDhawan,Masud Dhawan," 7 Successful Films in 2017 

Jan - #Raees 

Feb - #JollyLLB2 &amp; #TheGhaziAttack

March - #BadrinathKiDulhania

April - #B…",0,2017-06-15 08:01:40,https://twitter.com/MasudDhawan/status/875262014112899072
256002604,iamjr_SRK,Gowtham Krishna," 7 Successful Films in 2017 

Jan - #Raees 

Feb - #JollyLLB2 &amp; #TheGhaziAttack

March - #BadrinathKiDulhania

April - #B…",0,2017-06-15 08:01:06,https://twitter.com/iamjr_SRK/status/875261874002042880
336448906,Samir_Ortonite,Samir," 7 Successful Films in 2017 

Jan - #Raees 

Feb - #JollyLLB2 &amp; #TheGhaziAttack

March - #BadrinathKiDulhania

April - #B…",0,2017-06-15 08:00:29,https://twitter.com/Samir_Ortonite/status/875261715038040065
795654476115808259,johncen46716704,shreyas patil," 7 Successful Films in 2017 

Jan - #Raees 

Feb - #JollyLLB2 &amp; #TheGhaziAttack

March - #BadrinathKiDulhania

April - #B…",0,2017-06-15 07:59:36,https://twitter.com/johncen46716704/status/875261496313298945
402503547,diptikapoor,Dipti Loves SRK," 7 Successful Films in 2017 

Jan - #Raees 

Feb - #JollyLLB2 &amp; #TheGhaziAttack

March - #BadrinathKiDulhania

April - #B…",0,2017-06-15 07:59:15,https://twitter.com/diptikapoor/status/875261406693670912
388093517,Kamran553,Jab Harry Met Sejal," 7 Successful Films in 2017 

Jan - #Raees 

Feb - #JollyLLB2 &amp; #TheGhaziAttack

March - #BadrinathKiDulhania

April - #B…",0,2017-06-15 07:57:38,https://twitter.com/Kamran553/status/875261001259597824
4848357525,SRKsoldier1,It's SRKsoldier ✌," 7 Successful Films in 2017 

Jan - #Raees 

Feb - #JollyLLB2 &amp; #TheGhaziAttack

March - #BadrinathKiDulhania

April - #B…",0,2017-06-15 07:57:21,https://twitter.com/SRKsoldier1/status/875260926462533632
721247632660652032,montyy189,�-A LOVE STORY," 7 Successful Films in 2017 

Jan - #Raees 

Feb - #JollyLLB2 &amp; #TheGhaziAttack

March - #BadrinathKiDulhania

April - #B…",0,2017-06-15 07:56:57,https://twitter.com/montyy189/status/875260827804332032
2289271579,its_R2U,Rahul R Upadhyay," 7 Successful Films in 2017 

Jan - #Raees 

Feb - #JollyLLB2 &amp; #TheGhaziAttack

March - #BadrinathKiDulhania

April - #B…",0,2017-06-15 07:54:29,https://twitter.com/its_R2U/status/875260208418664452
4749467622,SRKian_AfzalP,Sejal's Harry(AFZAL)," 7 Successful Films in 2017 

Jan - #Raees 

Feb - #JollyLLB2 &amp; #TheGhaziAttack

March - #BadrinathKiDulhania

April - #B…",0,2017-06-15 07:54:01,https://twitter.com/SRKian_AfzalP/status/875260090218983424
92712279,Durga_EthanHunt,Durga Dash," 7 Successful Films in 2017 

Jan - #Raees 

Feb - #JollyLLB2 &amp; #TheGhaziAttack

March - #BadrinathKiDulhania

April - #B…",0,2017-06-15 07:52:58,https://twitter.com/Durga_EthanHunt/status/875259826158292992
3624024332,imUmeR313,UmeR SRKian�," 7 Successful Films in 2017 

Jan - #Raees 

Feb - #JollyLLB2 &amp; #TheGhaziAttack

March - #BadrinathKiDulhania

April - #B…",0,2017-06-15 07:50:19,https://twitter.com/imUmeR313/status/875259159029182464
850382200734220288,VDLOVER08,�SAAD�," 7 Successful Films in 2017 

Jan - #Raees 

Feb - #JollyLLB2 &amp; #TheGhaziAttack

March - #BadrinathKiDulhania

April - #B…",0,2017-06-15 07:48:50,https://twitter.com/VDLOVER08/status/875258785907986432
4887890364,abhirockstar09,Abhi Shukla," 7 Successful Films in 2017 

Jan - #Raees 

Feb - #JollyLLB2 &amp; #TheGhaziAttack

March - #BadrinathKiDulhania

April - #B…",0,2017-06-15 07:48:23,https://twitter.com/abhirockstar09/status/875258671630098432
4619300533,srkian_moin,khan," 7 Successful Films in 2017 

Jan - #Raees 

Feb - #JollyLLB2 &amp; #TheGhaziAttack

March - #BadrinathKiDulhania

April - #B…",0,2017-06-15 07:40:26,https://twitter.com/srkian_moin/status/875256669973774336
873451445218967554,mannat_kochhar,Mannat Kochhar," 7 Successful Films in 2017 

Jan - #Raees 

Feb - #JollyLLB2 &amp; #TheGhaziAttack

March - #BadrinathKiDulhania

April - #B…",0,2017-06-15 07:32:35,https://twitter.com/mannat_kochhar/status/875254694116904961
187810259,anandhamanikand,amk, Which Pair Can Easily Surpass The #Bahubali2 &amp; #Dangal Collections In Worldwide Box Office ?,1,2017-06-15 07:32:16,https://twitter.com/anandhamanikand/status/875254616128012288
756758320401178625,kollymafia,Kolly Mafia," 50 Days of the Epic Blockbuster #Bahubali2  !  
#Prabhas ! @RanaDaggubati ! @ssrajamouli ! https://t.co/5qwQMOMPlb",1,2017-06-15 07:24:59,https://twitter.com/kollymafia/status/875252783145918464
873423927178964992,MAghaAdeeb,M. Agha Adeeb," 7 Successful Films in 2017 

Jan - #Raees 

Feb - #JollyLLB2 &amp; #TheGhaziAttack

March - #BadrinathKiDulhania

April - #B…",0,2017-06-15 07:24:56,https://twitter.com/MAghaAdeeb/status/875252772005859328
4109718503,ShaziaVarun,Mrs.Varun Dhawan�," 7 Successful Films in 2017 

Jan - #Raees 

Feb - #JollyLLB2 &amp; #TheGhaziAttack

March - #BadrinathKiDulhania

April - #B…",0,2017-06-15 07:24:11,https://twitter.com/ShaziaVarun/status/875252581311758336
3384420617,VarunsMahi,Princess ♡," 7 Successful Films in 2017 

Jan - #Raees 

Feb - #JollyLLB2 &amp; #TheGhaziAttack

March - #BadrinathKiDulhania

April - #B…",0,2017-06-15 07:23:46,https://twitter.com/VarunsMahi/status/875252474684289025
2377355935,piya_kohli,♔ vιяαт кσнℓι ♔," 7 Successful Films in 2017 

Jan - #Raees 

Feb - #JollyLLB2 &amp; #TheGhaziAttack

March - #BadrinathKiDulhania

April - #B…",0,2017-06-15 07:22:43,https://twitter.com/piya_kohli/status/875252212066373632
2396117936,ashirsaba565,Jab Harry Met Sejal," 7 Successful Films in 2017 

Jan - #Raees 

Feb - #JollyLLB2 &amp; #TheGhaziAttack

March - #BadrinathKiDulhania

April - #B…",0,2017-06-15 07:18:16,https://twitter.com/ashirsaba565/status/875251092245815296
4694727049,mirdhawala,srkian king," 7 Successful Films in 2017 

Jan - #Raees 

Feb - #JollyLLB2 &amp; #TheGhaziAttack

March - #BadrinathKiDulhania

April - #B…",0,2017-06-15 07:17:17,https://twitter.com/mirdhawala/status/875250845562146816
781574318354554880,SRKpePHD,Kaun Mai Ka Laal Hai," 7 Successful Films in 2017 

Jan - #Raees 

Feb - #JollyLLB2 &amp; #TheGhaziAttack

March - #BadrinathKiDulhania

April - #B…",0,2017-06-15 07:16:45,https://twitter.com/SRKpePHD/status/875250712455909376
1341158436,UpcomingSRKian,K H A N," 7 Successful Films in 2017 

Jan - #Raees 

Feb - #JollyLLB2 &amp; #TheGhaziAttack

March - #BadrinathKiDulhania

April - #B…",0,2017-06-15 07:16:17,https://twitter.com/UpcomingSRKian/status/875250592280530944
2292381487,NavtoshSRK,SrkNavtosh," 7 Successful Films in 2017 

Jan - #Raees 

Feb - #JollyLLB2 &amp; #TheGhaziAttack

March - #BadrinathKiDulhania

April - #B…",0,2017-06-15 07:16:12,https://twitter.com/NavtoshSRK/status/875250570755362816
2867797806,SRKBrazilFC_CFC,♤SRKBRazilFC_CFC♤," 7 Successful Films in 2017 

Jan - #Raees 

Feb - #JollyLLB2 &amp; #TheGhaziAttack

March - #BadrinathKiDulhania

April - #B…",0,2017-06-15 07:15:43,https://twitter.com/SRKBrazilFC_CFC/status/875250450194468864
3422297878,Saravanan_jiiva,J Fan Saravanan, It takes some serious guts to release a movie despite the Bahubali2 storm !! Congrats to @thenameisike and team for the…,0,2017-06-15 07:15:09,https://twitter.com/Saravanan_jiiva/status/875250309899067392
2689234160,iamElishaSrb,EliShah," 7 Successful Films in 2017 

Jan - #Raees 

Feb - #JollyLLB2 &amp; #TheGhaziAttack

March - #BadrinathKiDulhania

April - #B…",0,2017-06-15 07:12:12,https://twitter.com/iamElishaSrb/status/875249565859012608
806883516260548608,RoShah45,Anshuman," 7 Successful Films in 2017 

Jan - #Raees 

Feb - #JollyLLB2 &amp; #TheGhaziAttack

March - #BadrinathKiDulhania

April - #B…",0,2017-06-15 07:11:03,https://twitter.com/RoShah45/status/875249278394007552
4156893493,RehanRaees7,Rehan Raees," 7 Successful Films in 2017 

Jan - #Raees 

Feb - #JollyLLB2 &amp; #TheGhaziAttack

March - #BadrinathKiDulhania

April - #B…",0,2017-06-15 07:10:17,https://twitter.com/RehanRaees7/status/875249084633931776
777381710795341824,its_Aahil,Aahil Malik�," 7 Successful Films in 2017 

Jan - #Raees 

Feb - #JollyLLB2 &amp; #TheGhaziAttack

March - #BadrinathKiDulhania

April - #B…",0,2017-06-15 07:08:57,https://twitter.com/its_Aahil/status/875248747843858432
724324068657221632,manishsrk163,SིRིKི SΩLDIΣR," 7 Successful Films in 2017 

Jan - #Raees 

Feb - #JollyLLB2 &amp; #TheGhaziAttack

March - #BadrinathKiDulhania

April - #B…",0,2017-06-15 07:08:35,https://twitter.com/manishsrk163/status/875248656550694916
779396609729699840,KARTIK__SRKIAN,Dr.SHAH RUKH KHAN," 7 Successful Films in 2017 

Jan - #Raees 

Feb - #JollyLLB2 &amp; #TheGhaziAttack

March - #BadrinathKiDulhania

April - #B…",0,2017-06-15 07:08:23,https://twitter.com/KARTIK__SRKIAN/status/875248603576451072
4125813853,AleemSrkian,Aleem khan (Srkian)," 7 Successful Films in 2017 

Jan - #Raees 

Feb - #JollyLLB2 &amp; #TheGhaziAttack

March - #BadrinathKiDulhania

April - #B…",0,2017-06-15 07:08:18,https://twitter.com/AleemSrkian/status/875248582261182464
2257463863,ASHWIN47031954,ASH," 7 Successful Films in 2017 

Jan - #Raees 

Feb - #JollyLLB2 &amp; #TheGhaziAttack

March - #BadrinathKiDulhania

April - #B…",0,2017-06-15 07:07:51,https://twitter.com/ASHWIN47031954/status/875248472995184640
4496833520,JollyRajput,�I Love U�," 7 Successful Films in 2017 

Jan - #Raees 

Feb - #JollyLLB2 &amp; #TheGhaziAttack

March - #BadrinathKiDulhania

April - #B…",0,2017-06-15 07:06:24,https://twitter.com/JollyRajput/status/875248106127970308
2627524050,itsRahulSRKian,❄ RAHUL ❄," 7 Successful Films in 2017 

Jan - #Raees 

Feb - #JollyLLB2 &amp; #TheGhaziAttack

March - #BadrinathKiDulhania

April - #B…",0,2017-06-15 07:06:12,https://twitter.com/itsRahulSRKian/status/875248053925675009
3004995744,Life_4_AKKi,KHILADI RuLes�," 7 Successful Films in 2017 

Jan - #Raees 

Feb - #JollyLLB2 &amp; #TheGhaziAttack

March - #BadrinathKiDulhania

April - #B…",0,2017-06-15 07:05:05,https://twitter.com/Life_4_AKKi/status/875247772785684480
2790726725,iamthesgr,� SAgar ��," 7 Successful Films in 2017 

Jan - #Raees 

Feb - #JollyLLB2 &amp; #TheGhaziAttack

March - #BadrinathKiDulhania

April - #B…",0,2017-06-15 07:04:39,https://twitter.com/iamthesgr/status/875247665633787905
854507812118024193,Divyanshsrkfan,Alia's Divyansh," 7 Successful Films in 2017 

Jan - #Raees 

Feb - #JollyLLB2 &amp; #TheGhaziAttack

March - #BadrinathKiDulhania

April - #B…",0,2017-06-15 07:03:56,https://twitter.com/Divyanshsrkfan/status/875247487002583040
3307321445,Aayat764,Simran � Shah�," 7 Successful Films in 2017 

Jan - #Raees 

Feb - #JollyLLB2 &amp; #TheGhaziAttack

March - #BadrinathKiDulhania

April - #B…",0,2017-06-15 07:01:58,https://twitter.com/Aayat764/status/875246989319049216
1726461079,BoxOfficeWknd,BOX OFFI©E WEEKEND,"7 Successful Films in 2017 

Jan - #Raees 

Feb - #JollyLLB2 &amp; #TheGhaziAttack

March - #BadrinathKiDulhania

April - #Bahubali2",0,2017-06-15 07:01:04,https://twitter.com/BoxOfficeWknd/status/875246764978307072
2376555092,sakthivelanjana,sakthi, #2point0 This is the only movie that have a strength to beat #Bahubali2 https://t.co/7BcHJoPaaB,0,2017-06-15 06:57:18,https://twitter.com/sakthivelanjana/status/875245817136766976
526260703,Yagnasai1995,YSK," Ur vote for ? #Spyder #Rangasthalam1985 #JaiLavaKusa #RRVC #akhil2  #Bahubali2 
Rt for Nag,fav for chiru,reply for Ntr,reply…",0,2017-06-15 06:51:46,https://twitter.com/Yagnasai1995/status/875244424359419904
69574381,kraigmillan,Karikaaalan,#2point0 This is the only movie that have a strength to beat #Bahubali2 https://t.co/7BcHJoPaaB,0,2017-06-15 06:49:10,https://twitter.com/kraigmillan/status/875243768101744640
865824659622817792,MprSpeaks,Minesh,"Claiming @narendramodi is man behind da  success of  #KochiMetro,  is just like claiming thamannah was behind da su… https://t.co/pPLhtOko6y",0,2017-06-15 06:23:41,https://twitter.com/MprSpeaks/status/875237356042940416
568009860,shivakunny,SIVAKUMAR," Ur choice for tv show..?
#spyder #Rangasthalam1985 #Bahubali2 #pk25 #JaiLavaKusa #RaRandoiVedukaChuddam #nenerajunenemantri #…",1,2017-06-15 06:21:48,https://twitter.com/shivakunny/status/875236880572227584
803533413269417984,ash_ashwin20,Ashwin_ash,"Art of @PrabhasRaju 

Share if u like
#Prabhas  #Bahubali2 #Art https://t.co/jVvr6iP7k4",0,2017-06-15 06:21:15,https://twitter.com/ash_ashwin20/status/875236742214729728
3268161564,singh_shivaani,Shivaani_Rathaur,Someone convince Prabhas to join twitter please.. @BaahubaliMovie @TrendsPrabhas #50DaysForLegendaryBaahubali2,0,2017-06-15 15:53:07,https://twitter.com/singh_shivaani/status/875380658746441728
3270177212,Ravi12987,RaviKiran," Happy morning #Prabhas Anna 
����� https://t.co/IzSuzJJT1P",0,2017-06-15 15:53:05,https://twitter.com/Ravi12987/status/875380652018892800
790511958432907264,ammu_prabhas,�Ammu prabhas�," Saahore Baahubali ✊ My Yet another small attempt � Ps, I 4got my steps on the last bit�
#50DaysForLegendaryBaahubali2 h…",1,2017-06-15 15:53:04,https://twitter.com/ammu_prabhas/status/875380645232553985
2744149739,im_vegee,Prabhas™," Our 3rd Banner 50 Days #Baahubali2 ��

REBEL STAR PRABHAS \m/

#50DaysForLegendaryBaaahubali2 #Prabhas �� https://t.co/J4xPkF…",1,2017-06-15 15:52:52,https://twitter.com/im_vegee/status/875380597409030147
3694567153,Archanasuma,❤Kapil❤,"@swayamabhishek �������������������� Why they both are so cute? ���
Prabhas ne haath kyu jode anushka k samne?�… https://t.co/bJ8EZoZ0LN",1,2017-06-15 15:52:04,https://twitter.com/Archanasuma/status/875380394098442240
789445542728310784,Srikanth__22,Saaho," #Maserati #Cars3
Branded car ��
Used in world wars��
#SaahoBegins ❤
@sujeethsign @PrabhasRaju @PrabhasAbimaani 
@Prabh…",0,2017-06-15 15:51:41,https://twitter.com/Srikanth__22/status/875380296962551808
139315247,Ndl_ntrfans,Nag," #50DaysForLegendaryBaahubali2 1 Crore+ share in 23 Towns/Cities in AP State�#Prabhas #SSR https://t.co/AYGDsjxhBw",0,2017-06-15 15:51:39,https://twitter.com/Ndl_ntrfans/status/875380288196460544
3115144015,imraj_MSD,Raj Kumar," India's Biggest Blockbuster ever - #Baahubali2 �
Heysaaaaaaaa Rudrasaaaaaaaaa �
#Prabhas @ssrajamouli �
#50DaysForLegendar…",1,2017-06-15 15:51:33,https://twitter.com/imraj_MSD/status/875380265115308033
3064971319,2414fc5f926241d,pavan kumar," 294 Crores For #Baahubali2 Alone in TELUGU States ��

#Prabhas ��✊ https://t.co/UCRhyG0t0J",0,2017-06-15 15:51:24,https://twitter.com/2414fc5f926241d/status/875380225416220672
796754082237218816,ramidivarunred2,ramidi.varunreddy,@JyothsnaPrabhas that is impossible only prabhas darling can do it with ease,1,2017-06-15 15:51:07,https://twitter.com/ramidivarunred2/status/875380155304165377
808309744146481152,PrabhasFan__,Prabhas," India's Biggest Blockbuster ever - #Baahubali2 �
Heysaaaaaaaa Rudrasaaaaaaaaa �
#Prabhas @ssrajamouli �
#50DaysForLegendar…",1,2017-06-15 15:50:18,https://twitter.com/PrabhasFan__/status/875379951322529792
861983927623405569,Bahubali0000000,Prabhas," Our 3rd Banner 50 Days #Baahubali2 ��

REBEL STAR PRABHAS \m/

#50DaysForLegendaryBaaahubali2 #Prabhas �� https://t.co/J4xPkF…",1,2017-06-15 15:50:09,https://twitter.com/Bahubali0000000/status/875379912848404480
861983927623405569,Bahubali0000000,Prabhas," Alltime No.2 grosser in Kerala, blockbuster #Baahubali2 will complete 50days in a whopping 100screens. @gumediacompany…",1,2017-06-15 15:50:00,https://twitter.com/Bahubali0000000/status/875379872880881664
1661331169,Prabhas_Immu,�  şάάħό  �, #50DaysForLegendaryBaahubali2 No words to say. https://t.co/vNK76lxRVA,0,2017-06-15 15:49:54,https://twitter.com/Prabhas_Immu/status/875379847794630657
861983927623405569,Bahubali0000000,Prabhas," #50DaysForLegendaryBaahubali2 
The Legend's Movie...The Legend's Journey...
The Legend #Prabhas... https://t.co/INUADHFclW",0,2017-06-15 15:49:31,https://twitter.com/Bahubali0000000/status/875379753129299968
3694567153,Archanasuma,❤Kapil❤," I have no right to ship them
But why do they do such thing ? ����
#Prabhas #AnushkaShetty 
#50DaysForLegendaryBaahubali…",1,2017-06-15 15:49:29,https://twitter.com/Archanasuma/status/875379743725568004
869867705888907264,KiranPrathamAv,Kiran,@KapilSharmaK9 @SrBachchan @SonyTV Hello kapil sir pls invite prabhas bahubali on ur show i m big fan of him,1,2017-06-15 15:49:23,https://twitter.com/KiranPrathamAv/status/875379719180517380
3024954811,manthena36,SAAHO...�,"#50DaysForLegendaryBaahubali2 
The Legend's Movie...The Legend's Journey...
The Legend #Prabhas... https://t.co/INUADHFclW",0,2017-06-15 15:49:12,https://twitter.com/manthena36/status/875379673110151168
780499166896291841,Pranushka_offl,Prabhas Anushka FC," Our 3rd Banner 50 Days #Baahubali2 ��

REBEL STAR PRABHAS \m/

#50DaysForLegendaryBaaahubali2 #Prabhas �� https://t.co/J4xPkF…",1,2017-06-15 15:49:06,https://twitter.com/Pranushka_offl/status/875379646912528384
4275710122,sing63972841,Raj singh," 50days celebrations by bobbili Prabhas fans 
Distributed books 2 children  ��
#50DaysForBaahubali2 https://t.co/QfG7Ib…",0,2017-06-15 15:49:04,https://twitter.com/sing63972841/status/875379637924151297
3268161564,singh_shivaani,Shivaani_Rathaur,@RanaDaggubati Is Prabhas joining twitter.. #50DaysForLegendaryBaahubali2,0,2017-06-15 15:49:02,https://twitter.com/singh_shivaani/status/875379629153845248
183490597,kommusudha,fun cliche," India's Biggest Blockbuster ever - #Baahubali2 �
Heysaaaaaaaa Rudrasaaaaaaaaa �
#Prabhas @ssrajamouli �
#50DaysForLegendar…",1,2017-06-15 15:48:38,https://twitter.com/kommusudha/status/875379531644755969
4275710122,sing63972841,Raj singh," India's Biggest Blockbuster ever - #Baahubali2 �
Heysaaaaaaaa Rudrasaaaaaaaaa �
#Prabhas @ssrajamouli �
#50DaysForLegendar…",1,2017-06-15 15:48:35,https://twitter.com/sing63972841/status/875379516373319681
859681147609120768,Hazarat7,#Saaho," Alltime No.2 grosser in Kerala, blockbuster #Baahubali2 will complete 50days in a whopping 100screens. @gumediacompany…",1,2017-06-15 15:48:06,https://twitter.com/Hazarat7/status/875379397519388672
827572031281627136,NadiahMuhsinis1,Nadiah Muhsin issa," #50DaysForLegendaryBaahubali2 ���
Completely Mesmerized.. Charmed 
#Baahubali3 Eagerly waiting 
@ssrajamouli @Prabhas_Te…",1,2017-06-15 15:47:45,https://twitter.com/NadiahMuhsinis1/status/875379306389745666
2263926210,VizagPrabhasFan,Prabhas™," Alltime No.2 grosser in Kerala, blockbuster #Baahubali2 will complete 50days in a whopping 100screens. @gumediacompany…",1,2017-06-15 15:47:42,https://twitter.com/VizagPrabhasFan/status/875379294930845697
2744149739,im_vegee,Prabhas™,"Our 3rd Banner 50 Days #Baahubali2 ��

REBEL STAR PRABHAS \m/

#50DaysForLegendaryBaaahubali2 #Prabhas �� https://t.co/J4xPkFLWue",1,2017-06-15 15:47:36,https://twitter.com/im_vegee/status/875379271593639936
850468288001912834,NayanJS6,Nayan Jyoti Sarma," Biggest Blockbuster ever in India - #Baahubali2 
#Prabhas @ssrajamouli 
#50DaysForLegendaryBaahubali2  https://t.co/d3J7EG5…",1,2017-06-15 15:46:33,https://twitter.com/NayanJS6/status/875379007453356032
705535188466421761,a_commanman,Darling Prabhas," #50DaysForLegendaryBaahubali2 
Which character you loved most in #Baahubali2 ??
#Prabhas #ranadaggubati #AnushkaShetty",0,2017-06-15 15:46:04,https://twitter.com/a_commanman/status/875378885017219073
3689389752,SHOUROV55393741,SHOUROV,"I liked a @YouTube video https://t.co/ctYb8lt5CG The Return Of Rebel 2 (Billa) 2017 New Released Full Hindi Dubbed Movie | Prabhas,",0,2017-06-15 15:45:50,https://twitter.com/SHOUROV55393741/status/875378825718321152
758935110850793476,varma_einstein,varma einstein," #50DaysForLegendaryBaahubali2 
Which character you loved most in #Baahubali2 ??
#Prabhas #ranadaggubati #AnushkaShetty",0,2017-06-15 15:45:45,https://twitter.com/varma_einstein/status/875378806692864003
2261506940,KhyatiNarayan,Jyona�EA,"#50DaysForLegendaryBaahubali2 ���
Completely Mesmerized.. Charmed 
#Baahubali3 Eagerly waiting 
@ssrajamouli… https://t.co/a6djjtwm6K",1,2017-06-15 15:45:39,https://twitter.com/KhyatiNarayan/status/875378781619462144
827921461083992066,prabhasdhfsurya,Surya," Being Royal and Being #AmarendraBaahubali is not an easy task� 
#Prabhas does the magic�
#50DaysForLegendaryBaahubali2 https:…",0,2017-06-15 15:45:33,https://twitter.com/prabhasdhfsurya/status/875378755434184704
818751194109710337,Darling_praboss,prabhas fans ikkada,"#50DaysForLegendaryBaahubali2 
Which character you loved most in #Baahubali2 ??
#Prabhas #ranadaggubati #AnushkaShetty",0,2017-06-15 15:45:29,https://twitter.com/Darling_praboss/status/875378737184874496
726000147822321664,Kausalaya1724,SK BLOOD(KAUSALAYA)," Being Royal and Being #AmarendraBaahubali is not an easy task� 
#Prabhas does the magic�
#50DaysForLegendaryBaahubali2 https:…",0,2017-06-15 15:45:23,https://twitter.com/Kausalaya1724/status/875378714082648065
715724934807298049,urstruly90,Uma,@SamanthaNair23 If that happens I will name my kid Prabhas�,1,2017-06-15 15:45:17,https://twitter.com/urstruly90/status/875378687247392768
2596447963,Hema_SK_,Hema!,"Being Royal and Being #AmarendraBaahubali is not an easy task� 
#Prabhas does the magic�… https://t.co/hVxNC7t3vJ",0,2017-06-15 15:44:57,https://twitter.com/Hema_SK_/status/875378605571710976
875284549508321280,Sa1Krishna1,Prabhas fan," India's Biggest Blockbuster ever - #Baahubali2 �
Heysaaaaaaaa Rudrasaaaaaaaaa �
#Prabhas @ssrajamouli �
#50DaysForLegendar…",1,2017-06-15 15:44:51,https://twitter.com/Sa1Krishna1/status/875378580103979008
872151308425465857,rose_offl,Prabhas fangirl �,"Hats off to their dedication �
#Prabhas @ssrajamouli 
#50DaysForLegendaryBaahubali2 https://t.co/8f2Tzm4U71",0,2017-06-15 15:44:15,https://twitter.com/rose_offl/status/875378427506835456
276381932,Keerthii_Angel,♥️ KuttY ♥️," I have no right to ship them
But why do they do such thing ? ����
#Prabhas #AnushkaShetty 
#50DaysForLegendaryBaahubali…",1,2017-06-15 15:43:58,https://twitter.com/Keerthii_Angel/status/875378356770009088
874479673983594496,PrabhasFans7,Prabhas Fans,@PfakOfficial @PrabhasRaju @BaahubaliMovie @UV_Creations @UVKrishnamRaju @Baahubali2017 @PrabhasRules @Team_Prabhas… https://t.co/pMoQpw7GZG,0,2017-06-15 15:43:58,https://twitter.com/PrabhasFans7/status/875378355050295297
1059982854,chandu_maddula,chandu maddula," India's Biggest Blockbuster ever - #Baahubali2 �
Heysaaaaaaaa Rudrasaaaaaaaaa �
#Prabhas @ssrajamouli �
#50DaysForLegendar…",1,2017-06-15 15:43:50,https://twitter.com/chandu_maddula/status/875378324016570369
816689642812489728,shaheera8484,SHaHeeRa,"Blockbuster of the year..
Awsm movie..
#Prabhas was awsm
Luv him♥♥
#50DaysForLegendaryBaahubali2 
@TrendsPrabhas https://t.co/7qca0Wen5Z",0,2017-06-15 15:42:26,https://twitter.com/shaheera8484/status/875377969207717888
3933130574,rahul_sudewad,®ahul $udewaD," India's Biggest Blockbuster ever - #Baahubali2 �
Heysaaaaaaaa Rudrasaaaaaaaaa �
#Prabhas @ssrajamouli �
#50DaysForLegendar…",1,2017-06-15 15:41:33,https://twitter.com/rahul_sudewad/status/875377748574965760
705721751913820160,haripspk18,Sklm chantodu�," #50DaysForLegendaryBaahubali2 1 Crore+ share in 23 Towns/Cities in AP State�#Prabhas #SSR https://t.co/AYGDsjxhBw",0,2017-06-15 15:41:15,https://twitter.com/haripspk18/status/875377671059906560
374689840,iamkamal5,N@G@k@M@£™," #50DaysForLegendaryBaahubali2 1 Crore+ share in 23 Towns/Cities in AP State�#Prabhas #SSR https://t.co/AYGDsjxhBw",0,2017-06-15 15:41:11,https://twitter.com/iamkamal5/status/875377654152560641
1002064219,KrishnaReddie_,PʀAʙʜAS," India's Biggest Blockbuster ever - #Baahubali2 �
Heysaaaaaaaa Rudrasaaaaaaaaa �
#Prabhas @ssrajamouli �
#50DaysForLegendar…",1,2017-06-15 15:41:01,https://twitter.com/KrishnaReddie_/status/875377613795074048
715724934807298049,urstruly90,Uma,@SamanthaNair23 @Lilmisspheebs �Why Sujeethu only.. I will even invite Prabhas �,1,2017-06-15 15:40:53,https://twitter.com/urstruly90/status/875377579607314432
285965604,Prabhas_Fans,�️�️�️�️�️�️�,His Walking Style Luks Lik A SHER #Prabhas https://t.co/HkHjI13DG6,0,2017-06-15 15:40:33,https://twitter.com/Prabhas_Fans/status/875377495767486464
720463617,siva_09051990,siva," Biggest Blockbuster ever in India - #Baahubali2 
#Prabhas @ssrajamouli 
#50DaysForLegendaryBaahubali2  https://t.co/d3J7EG5…",1,2017-06-15 15:40:00,https://twitter.com/siva_09051990/status/875377358336806912
707822875126972416,BahetyAnkit,Ankit Bahety, @Renu_258 @BahetyAnkit Namma #Prabhas fan club..you even get to learn telugu if keen����,1,2017-06-15 15:39:52,https://twitter.com/BahetyAnkit/status/875377323758858242
2943371501,Renu_258,❤Renu❤,"Heysaaaa RudraSaaa is D word For this
Again Goosebumps in dis scene 
Prabhas u nailed yr��
Jai Mahishmati ���… https://t.co/bEg53vHXnh",0,2017-06-15 15:39:50,https://twitter.com/Renu_258/status/875377314686750720
845592900310388736,Prabhassagar199,Prabhas Anna," Saaho shooting spot pics 
#Saago
#Prabhas https://t.co/4bkMH08eie",0,2017-06-15 15:39:38,https://twitter.com/Prabhassagar199/status/875377264699035656
2167982155,sundarlucky,SUNDAR," Biggest Blockbuster ever in India - #Baahubali2 
#Prabhas @ssrajamouli 
#50DaysForLegendaryBaahubali2  https://t.co/d3J7EG5…",1,2017-06-15 15:39:27,https://twitter.com/sundarlucky/status/875377219685695488
870549279298826240,PradnyaPawar19,Pradnya Pawar," ALL TIME BLOCKBUSTER #Baahubali2 �

50 Days Posters ��

#Prabhas \m/ https://t.co/EwIoFx5NCI",1,2017-06-15 15:39:15,https://twitter.com/PradnyaPawar19/status/875377170679549952
4802501897,jaytweets16,Jaya,@Renu_258 @BahetyAnkit Namma #Prabhas fan club..you even get to learn telugu if keen����,1,2017-06-15 15:38:55,https://twitter.com/jaytweets16/status/875377084385906688
2397462901,nag1406,KING," #50DaysForLegendaryBaahubali2 1 Crore+ share in 23 Towns/Cities in AP State�#Prabhas #SSR https://t.co/AYGDsjxhBw",0,2017-06-15 15:38:51,https://twitter.com/nag1406/status/875377066799120385
870549279298826240,PradnyaPawar19,Pradnya Pawar," Fastest 1M &amp; 3M For Indian Movie
Return Of #Rebel2 (Billa) 2017 Hindi dub...
#ReturnOfRebel2 - #Prabhas �❤
Link: https://t…",0,2017-06-15 15:38:29,https://twitter.com/PradnyaPawar19/status/875376977443729408
3368849772,KakinadaRamu,Ramu AkkineniAdmirer," #50DaysForLegendaryBaahubali2 1 Crore+ share in 23 Towns/Cities in AP State�#Prabhas #SSR https://t.co/AYGDsjxhBw",0,2017-06-15 15:38:14,https://twitter.com/KakinadaRamu/status/875376913480531968
467582561,d_vamsikrishna,D.vamsikrishna,Congratulations to entire baahubali team and our darling Prabhas #50DaysForLegendaryBaahubali2,0,2017-06-15 15:37:51,https://twitter.com/d_vamsikrishna/status/875376817246314496
2943371501,Renu_258,❤Renu❤," India's Biggest Blockbuster ever - #Baahubali2 �
Heysaaaaaaaa Rudrasaaaaaaaaa �
#Prabhas @ssrajamouli �
#50DaysForLegendar…",1,2017-06-15 15:37:36,https://twitter.com/Renu_258/status/875376755208585216
728604947009273856,SavageQueen001,DEVASENA �," Goosebumps Scene Of The Decade ✊
Prabhas Lived in the Character � 
#ProudFan � #50DaysForLegendaryBaahubali2 https://t.c…",0,2017-06-15 15:37:35,https://twitter.com/SavageQueen001/status/875376750410088448
845863139233222656,Tharun86304405,Tharun," Biggest Blockbuster ever in India - #Baahubali2 
#Prabhas @ssrajamouli 
#50DaysForLegendaryBaahubali2  https://t.co/d3J7EG5…",1,2017-06-15 15:37:34,https://twitter.com/Tharun86304405/status/875376747331506176
870549279298826240,PradnyaPawar19,Pradnya Pawar," 2Million+ views with 28K+ likes for #TheReturnOfRebel2 (BILLA) Full Hindi dub movie...
#Prabhas in &amp; as #Billa
Link: https…",0,2017-06-15 15:37:28,https://twitter.com/PradnyaPawar19/status/875376722367176704
870549279298826240,PradnyaPawar19,Pradnya Pawar," #Prabhas attended #GopiChand' son #Virat #birthday celebrations...�

#Smile � @ActorPrabha ❤ https://t.co/727Mk7f0G8",0,2017-06-15 15:37:12,https://twitter.com/PradnyaPawar19/status/875376653450588160
4193914279,IamArvindkkd,Arvind�," #50DaysForLegendaryBaahubali2 1 Crore+ share in 23 Towns/Cities in AP State�#Prabhas #SSR https://t.co/AYGDsjxhBw",0,2017-06-15 15:37:09,https://twitter.com/IamArvindkkd/status/875376642025062401
845863139233222656,Tharun86304405,Tharun, #Baahubali2 completes 50days in theaters WW tomo. Phenomenal Mega ATBB. Still running! #50daysforbaahubali2 #Prabhas ht…,0,2017-06-15 15:37:08,https://twitter.com/Tharun86304405/status/875376637977559040
870549279298826240,PradnyaPawar19,Pradnya Pawar," #Prabhas will join #SAAHO shoot very soon..��
How many of u waiting to see #Prabhas's ultra stylish look?

❤ U ALL � https…",1,2017-06-15 15:37:00,https://twitter.com/PradnyaPawar19/status/875376601113952256
845863139233222656,Tharun86304405,Tharun," #50DaysForLegendaryBaahubali2 1 Crore+ share in 23 Towns/Cities in AP State�#Prabhas #SSR https://t.co/AYGDsjxhBw",0,2017-06-15 15:36:38,https://twitter.com/Tharun86304405/status/875376512517586944
870549279298826240,PradnyaPawar19,Pradnya Pawar," Cuteness... ���

#Prabhas ❤

*Mr. Perfect... � https://t.co/dJ5zASp8sQ",0,2017-06-15 15:36:31,https://twitter.com/PradnyaPawar19/status/875376483186954240
785049166548389888,harshithsayzz,harshith reddy," #50DaysForLegendaryBaahubali2 1 Crore+ share in 23 Towns/Cities in AP State�#Prabhas #SSR https://t.co/AYGDsjxhBw",0,2017-06-15 15:36:10,https://twitter.com/harshithsayzz/status/875376391612645376
845863139233222656,Tharun86304405,Tharun," Goosebumps Scene Of The Decade ✊
Prabhas Lived in the Character � 
#ProudFan � #50DaysForLegendaryBaahubali2 https://t.c…",0,2017-06-15 15:36:07,https://twitter.com/Tharun86304405/status/875376381600739332
3024954811,manthena36,SAAHO...�," #50DaysForLegendaryBaahubali2 1 Crore+ share in 23 Towns/Cities in AP State�#Prabhas #SSR https://t.co/AYGDsjxhBw",0,2017-06-15 15:35:47,https://twitter.com/manthena36/status/875376296976568320
263724387,kumaralp,#MsDhoni," #50DaysForLegendaryBaahubali2 1 Crore+ share in 23 Towns/Cities in AP State�#Prabhas #SSR https://t.co/AYGDsjxhBw",0,2017-06-15 15:35:36,https://twitter.com/kumaralp/status/875376252147740672
854673377377648640,RebelFanNaveen,Gnanendra Rebel, #50DaysForLegendaryBaahubali2 the movie which shown the acting level of Prabhas,0,2017-06-15 15:35:34,https://twitter.com/RebelFanNaveen/status/875376241037107200
870549279298826240,PradnyaPawar19,Pradnya Pawar," #Prabhas in #Baahubali2 �
*How many of u #Love ❤ this character of #AMARENDRA &amp; #MAHENDRA #Baahubali !!!

� � https://t.co…",0,2017-06-15 15:35:26,https://twitter.com/PradnyaPawar19/status/875376210594942976
633970912,PrabhasAbimaani,Prabhas™," Biggest Blockbuster ever in India - #Baahubali2 
#Prabhas @ssrajamouli 
#50DaysForLegendaryBaahubali2  https://t.co/d3J7EG5…",1,2017-06-15 15:35:17,https://twitter.com/PrabhasAbimaani/status/875376171109806080
2470733598,saileshpokuri,Sailesh Pokuri," Biggest Blockbuster ever in India - #Baahubali2 
#Prabhas @ssrajamouli 
#50DaysForLegendaryBaahubali2  https://t.co/d3J7EG5…",1,2017-06-15 15:35:08,https://twitter.com/saileshpokuri/status/875376134967263233
785786562323750913,monishaanivi,Monishaa Ńagraj�Áșĺ," Goosebumps Scene Of The Decade ✊
Prabhas Lived in the Character � 
#ProudFan � #50DaysForLegendaryBaahubali2 https://t.c…",0,2017-06-15 15:34:37,https://twitter.com/monishaanivi/status/875376004318900225
750227021158977536,maheru13,maheru," India's Biggest Blockbuster 
#Prabhas #Baahubali2 
#50DaysForLegendaryBaahubali2 https://t.co/CAffixU8xT",0,2017-06-15 15:34:14,https://twitter.com/maheru13/status/875375907661381633
871220007304220672,PrashanthLN,Prabhas Fans," #BAAHUBALI2 completes its 50days of run successfully✊✊
#Prabhas ��
@ssrajamouli @BaahubaliMovie 
#50DaysForLegendaryBaahu…",0,2017-06-15 15:34:05,https://twitter.com/PrashanthLN/status/875375868889006080
363495602,tsraviteja,Ravi Rebel's,#50DaysForLegendaryBaahubali2 the movie which shown the acting level of Prabhas,0,2017-06-15 15:34:03,https://twitter.com/tsraviteja/status/875375861221826560
4375947438,RusselPrabhas,Russel Darling, All Time BlockBuster #Baahubali2 50 Days poster  #Prabhas @ssrajamouli @BaahubaliMovie https://t.co/xkVgTR9KEG,1,2017-06-15 15:33:58,https://twitter.com/RusselPrabhas/status/875375840531435521
363495602,tsraviteja,Ravi Rebel's,#50DaysForLegendaryBaahubali2 pan India Super star prabhas,0,2017-06-15 15:33:38,https://twitter.com/tsraviteja/status/875375755051515905
861983927623405569,Bahubali0000000,Prabhas," #50DaysForLegendaryBaahubali2 1 Crore+ share in 23 Towns/Cities in AP State�#Prabhas #SSR https://t.co/AYGDsjxhBw",0,2017-06-15 15:33:24,https://twitter.com/Bahubali0000000/status/875375696855662594
604435944,nithin_111,Nithin," #50DaysForLegendaryBaahubali2 1 Crore+ share in 23 Towns/Cities in AP State�#Prabhas #SSR https://t.co/AYGDsjxhBw",0,2017-06-15 15:33:11,https://twitter.com/nithin_111/status/875375644217008132
438077077,TheRafiRaja,RAFI USMAAN RAJA, #Baahubali2: Prabhas-Rana Daggubati's epic completes 50 days - India Today https://t.co/5YASAQLUch https://t.co/DLpPcj…,1,2017-06-15 15:30:19,https://twitter.com/TheRafiRaja/status/875374921874108417
2918413460,BollywoodNewsFC,BOLLYWOOD NEWS,#Baahubali2: Prabhas-Rana Daggubati's epic completes 50 days - India Today https://t.co/5YASAQLUch https://t.co/DLpPcjnTeE,1,2017-06-15 14:55:45,https://twitter.com/BollywoodNewsFC/status/875366222358913025
856778134854742016,Baahubali2r,Baahubali2," #Baahubali2: #Prabhas &amp; #RanaDaggubati's epic completes 50 days
https://t.co/DcTaLG7IEA https://t.co/hh7MEi1qik",1,2017-06-15 10:52:55,https://twitter.com/Baahubali2r/status/875305111748304896
3751881797,Amittajwal1,Amittajwal," #Baahubali2: #Prabhas &amp; #RanaDaggubati's epic completes 50 days
https://t.co/DcTaLG7IEA https://t.co/hh7MEi1qik",1,2017-06-15 10:52:22,https://twitter.com/Amittajwal1/status/875304971532730368
4612115652,RajanBh62088609,Rajan Bhardwaj," #Baahubali2: #Prabhas &amp; #RanaDaggubati's epic completes 50 days
https://t.co/DcTaLG7IEA https://t.co/hh7MEi1qik",1,2017-06-15 10:08:43,https://twitter.com/RajanBh62088609/status/875293987740856320
3273204012,mohancloudbase,Mohan," #Baahubali2: #Prabhas &amp; #RanaDaggubati's epic completes 50 days
https://t.co/DcTaLG7IEA https://t.co/hh7MEi1qik",1,2017-06-15 07:28:29,https://twitter.com/mohancloudbase/status/875253662225809408
186822580,Chennaipatrika,Chennai patrika,"S.S Rajamouli’s ""Baahubali 2"" 50 days posters

https://t.co/cdLxj3EKx7 https://t.co/QNPaxdV90v",0,2017-06-15 07:14:51,https://twitter.com/Chennaipatrika/status/875250232182710273
865108244699553796,prabhasisbae,❤," #Baahubali2: #Prabhas &amp; #RanaDaggubati's epic completes 50 days
https://t.co/DcTaLG7IEA https://t.co/hh7MEi1qik",1,2017-06-15 06:04:43,https://twitter.com/prabhasisbae/status/875232581565808640
2819657850,ANIL120281,anil kumar," #Baahubali2: #Prabhas &amp; #RanaDaggubati's epic completes 50 days
https://t.co/DcTaLG7IEA https://t.co/hh7MEi1qik",1,2017-06-15 05:55:59,https://twitter.com/ANIL120281/status/875230386871189505
454193908,LiiTLLe,g@ur@v singh," #Baahubali2: #Prabhas &amp; #RanaDaggubati's epic completes 50 days
https://t.co/DcTaLG7IEA https://t.co/hh7MEi1qik",1,2017-06-15 05:53:22,https://twitter.com/LiiTLLe/status/875229727010803713
3272567911,ZohraBegum2,Zohra Fatima," #Baahubali2: #Prabhas &amp; #RanaDaggubati's epic completes 50 days
https://t.co/DcTaLG7IEA https://t.co/hh7MEi1qik",1,2017-06-15 05:51:00,https://twitter.com/ZohraBegum2/status/875229131864068096
19897138,IndiaToday,India Today," #Baahubali2: #Prabhas &amp; #RanaDaggubati's epic completes 50 days
https://t.co/DcTaLG7IEA https://t.co/hh7MEi1qik",1,2017-06-15 05:46:38,https://twitter.com/IndiaToday/status/875228033530986496
1088334553,Showbiz_IT,India Today Showbiz,"#Baahubali2: #Prabhas &amp; #RanaDaggubati's epic completes 50 days
https://t.co/DcTaLG7IEA https://t.co/hh7MEi1qik",1,2017-06-15 05:43:46,https://twitter.com/Showbiz_IT/status/875227309116071936
3136310174,JiyaSrkian,Jiyarul Sk,"S.S. Rajamouli Dream Project ""Mahabharat"" Star Cast List Revealed  https://t.co/I7KNXjle9D
@aamir_khan",0,2017-06-15 03:42:24,https://twitter.com/JiyaSrkian/status/875196769235283968
725301465628069888,smjalageri,S M Jalageri,"@dhume @BDUTT for that matter, low TRP means watching people refuse too. 
Arnab, Rajamouli &amp; above all NaMo are all Hero's for a  reason.",1,2017-06-14 18:44:05,https://twitter.com/smjalageri/status/875061297695539200
749900923678429185,Rajamouli_Fans,SS Rajamouli Fans," It's time to join our army force, warrior!! Baahubali: The Game is now available on @AppStore ..
https://t.co/0jEAQbtVvd",1,2017-06-14 18:37:16,https://twitter.com/Rajamouli_Fans/status/875059582351093761
4275710122,sing63972841,Raj singh," Here's how you can own your very own 'Baahubali'!

https://t.co/jPp7IDIV6X",0,2017-06-14 15:58:44,https://twitter.com/sing63972841/status/875019685867143168
1249610618,AyamAtmaBrahm,अयम् आत्मा ब्रह्म, @AyamAtmaBrahm @authoramish @ssrajamouli That's very sweet of you. :) Amish is a dear friend. And I am an admirer of Ra…,0,2017-06-14 15:38:09,https://twitter.com/AyamAtmaBrahm/status/875014503510925312
20963854,HindolSengupta,HindolSengupta,@AyamAtmaBrahm @authoramish @ssrajamouli That's very sweet of you. :) Amish is a dear friend. And I am an admirer of Rajamouli's work. :),0,2017-06-14 15:36:18,https://twitter.com/HindolSengupta/status/875014040442896385
851822545628168192,Subhadi46797947,Subhadip Patra,S S Rajamouli convart #Bahubali2 as a superheroes film from a epic action saga,1,2017-06-14 15:20:16,https://twitter.com/Subhadi46797947/status/875010003853221889
2356720842,DEYJOARDER,SUDIPTA DEY JOARDER,S.S.Rajamouli's- Mahabharata#Coming Soon#Bollywood Actors in Different R... https://t.co/9xRtWWfc3S via @YouTube,0,2017-06-14 14:30:39,https://twitter.com/DEYJOARDER/status/874997519414984705
756701874556903424,deeply_s,seebu❤," #Rajamouli about #Prabhas  /.\
n the response for #Prabhas in #KERELA /.\  /.\
#BahubaliAudioLaunch
PRABHAS /.\  /.\ h…",1,2017-06-14 13:59:02,https://twitter.com/deeply_s/status/874989560941248513
216002600,S_ushaa,Usha S,#SalmanKaDialogue He and Aamir Khan make these kind of statements whenever their films being released. Learn from Rajamouli how2 give hits.,0,2017-06-14 13:48:12,https://twitter.com/S_ushaa/status/874986836329766912
768447331649916928,ande_kaise_diye,Ande kaise diye ?," When life gives you SSR,

be Srisaila Sri Rajamouli

but plz, 

for god's sake don't be Sushant Singh Rajput.

#Raabta…",1,2017-06-14 13:26:54,https://twitter.com/ande_kaise_diye/status/874981475527020544
815312586124169217,HindusRHumanToo,God save Hinduism �," When life gives you SSR,

be Srisaila Sri Rajamouli

but plz, 

for god's sake don't be Sushant Singh Rajput.

#Raabta…",1,2017-06-14 13:23:15,https://twitter.com/HindusRHumanToo/status/874980557481836544
421094855,BNN_Breaking,BNN News," Here's how you can own your very own 'Baahubali'!

https://t.co/jPp7IDIV6X",0,2017-06-14 13:17:47,https://twitter.com/BNN_Breaking/status/874979180429139968
18354016,ZoomTV,Zoom TV,"Here's how you can own your very own 'Baahubali'!

https://t.co/jPp7IDIV6X",0,2017-06-14 12:40:50,https://twitter.com/ZoomTV/status/874969880218423296
4220263334,DobriyalAkash,Aakash Dobriyal,I liked a @YouTube video https://t.co/JDAbEY5FH4 Bahubali 3 Trailer - The Final War | 2017 | OFFICIAL | S.S Rajamouli | Prabhas |,0,2017-06-14 07:56:10,https://twitter.com/DobriyalAkash/status/874898244366716932
1481627653,susheelnoothi,Susheel Kumar,"To visit
#ss_rajamouli's
#Baahubai_shooting_spot..... — traveling to Ramoji Film City, Hyderabad",0,2017-06-14 00:24:52,https://twitter.com/susheelnoothi/status/874784669874696192
854985587509542912,Annaparavai17,harishankar,I added a video to a @YouTube playlist https://t.co/Ibhrfedn3S Bahubali Director S.S.Rajamouli Did 11 Films List Here. | Rajamouli,0,2017-06-14 00:03:49,https://twitter.com/Annaparavai17/status/874779372514934788
869602532963876865,rajamouli_s_s,SS Rajamouli," #Baahubali2 's 45 Days Total WW BO: 

#India:

Nett : ₹ 1,060 Cr

Gross : ₹ 1,366 Cr

Overseas: 

Gross : ₹ 310 Cr

Total:…",0,2017-06-13 18:55:43,https://twitter.com/rajamouli_s_s/status/874701833788194816
751746721970028544,GingerNinjaStud,GingerNinjaStud,I added a video to a @YouTube playlist https://t.co/aPcnUTYRog Bahubali 3 Teaser - Rise of new Empire | S.S Rajamouli | Prabhas Rana,0,2017-06-13 14:00:40,https://twitter.com/GingerNinjaStud/status/874627583467499520
751746721970028544,GingerNinjaStud,GingerNinjaStud,I liked a @YouTube video https://t.co/aPcnUTYRog Bahubali 3 Teaser - Rise of new Empire | S.S Rajamouli | Prabhas Rana FAN MADE,0,2017-06-13 14:00:29,https://twitter.com/GingerNinjaStud/status/874627536495489025
